TransactionName,firstname,middlename,lastname,emailId,servicetype,ssn,dob,mobileno,questions,answers,dateSent,lesseeName,lesseeAddr1,lesseeAddr2,insurerName,policyNum,insurerPhone,coverageEquipt,coverageLiability,deductible,policyPeriod,startDate,endDate,provideByDate
Annual_Ins_Req_1_Max_Fun,Max,Danger,Fun,signer@example.com,SelectOneClick,,,,,,9/19/2024,Max Fun,100 Pocket St,Arlington TX 76001,,,,,,,,,,10/19/2024
Annual_Ins_Req_2_Sam_Smith,Sam,Quick,Smith,signer+2@example.com,SelectOneClick,,,,,,9/19/2024,Sam Smith,200 Rapid Rd,Dallas TX 75201,,,,,,,,,,10/19/2024
Annual_Ins_Req_3_Lucy_Jones,Lucy,Bright,Jones,signer+3@example.com,SelectOneClick,,,,,,9/19/2024,Lucy Jones,300 Shine Ave,Fort Worth TX 76102,,,,,,,,,,10/19/2024
Annual_Ins_Req_4_Jake_Brown,Jake,Bold,Brown,signer+4@example.com,SelectOneClick,,,,,,9/19/2024,Jake Brown,400 Brave Blvd,Austin TX 78701,,,,,,,,,,10/19/2024
Annual_Ins_Req_5_Emma_Green,Emma,Wise,Green,signer+5@example.com,SelectOneClick,,,,,,9/19/2024,Emma Green,500 Smart St,Houston TX 77001,,,,,,,,,,10/19/2024
Annual_Ins_Req_6_Liam_Taylor,Liam,Sharp,Taylor,signer+6@example.com,SelectOneClick,,,,,,9/19/2024,Liam Taylor,600 Keen Ct,San Antonio TX 78201,,,,,,,,,,10/19/2024
Annual_Ins_Req_7_Ava_Wilson,Ava,Clear,Wilson,signer+7@example.com,SelectOneClick,,,,,,9/19/2024,Ava Wilson,700 Crystal Ln,El Paso TX 79901,,,,,,,,,,10/19/2024
Annual_Ins_Req_8_Noah_Moore,Noah,Fine,Moore,signer+8@example.com,SelectOneClick,,,,,,9/19/2024,Noah Moore,800 Exact St,Corpus Christi TX 78401,,,,,,,,,,10/19/2024
Annual_Ins_Req_9_Ethan_Hall,Ethan,Rich,Hall,signer+9@example.com,SelectOneClick,,,,,,9/19/2024,Ethan Hall,1000 Wealthy Way,Amarillo TX 79101,,,,,,,,,,10/19/2024
